lineage,Position,Gene coord.,Allele change,Codon number,Codon change,Amino acid change,Locus Id,Gene name,Gene type,Type of mutation,5' gene,3' gene,Strand,Sublineage surname,Essential,Origin,
4.1.1,3798451,,C/G,,GGG/GGC,G/G,Rv3383c,idsB,non essential,syn,3797437,398489,-,X,,Stucki,
4.1.2,3013784,,C/G,,GTC/CTC,V/L,Rv2697c,dut,ess,non-syn,3013683,3014147,-,Haarlem,,Stucki,
4.1.3,4409231,,T/G,,GAG/GCG,E/A,Rv3921c,-,ess,4280033,4408969,4410069,-,Ghana,,Stucki,
4.2,2181026,,G/C,,CCC/CCG,P/P,Rv1928c,,non essential,syn,2180450,2181217,-,-,,Stucki,
4.3,1480024,,G/T,,TTC/TTA,F/L,Rv1318c,,non essential,non-syn,1479199,1480824,-,LAM,,Stucki,
4.4,3966059,,G/C,,ACG/AGG,T/R,Rv3529c,-,non essential,non-syn,3965884,3967038,-,-,,Stucki,
4.5,2789341,,A/C,,ATC/AGC,I/S,Rv2483c,plsC,ess,non-syn,2789280,2791022,-,-,,Stucki,
4.6.1,990626,,T/A,,TTA/TTT,L/F,Rv0890c,,non essential,non-syn,989948,992596,-,Uganda,,Stucki,
4.6.2,3191099,,C/A,,ATG/ATT,M/I,Rv2881c,cdsA,ess,non-syn,3190701,3191621,-,Cameroon,,Stucki,
4.10,1692141,,A/C,,ATA/ATC,I/I,Rv1501,,non essential,syn,1691890,1692711,+,PGG3 (includes 4.7, 4.8, 4.9),,Stucki,
2,36008,1713,G/C,572,GAC/CAC,D/H,Rv0032,BioF2,,,34295,36610,+,-,,Shiti,
2.1,3309880,,G/A,,CTG/CTA,L/L,Rv2957,,,syn,3309470,3310297,+,Proto-Beijing, Beijing_g1,,Shiti,
2.2,4280708,,G/A,,GTC/GTT,V/V,Rv3815c,,,syn,4280033,4280788,-,Beijing,,Shiti,
2.2.2,1047873,,C/T,579,CTG/TTG,L/L,Rv0938,ligD,,syn,1046136,1048415,+,Asia ancestral 1, Bmyc2/3, Beijing_g2,,Shiti,
2.2.1,2825581,,T/G,,ATA/ATC,I/I,Rv2510c,,,syn,2825488,2827089,-,-,,Shiti,
2.2.1.1,886115,,T/C,,ACA/GCA,T/A,Rv0792c,,,non-syn,885837,886646,-,Asia ancestral 2, Bmyc4, Beijing_g3,,Shiti,
2.2.1.2a,4393590,,C/G,48,CGG/GGG,R/G,Rv3908,mutT4,,non-syn,4393449,4394195,+,-,,Shiti,
2.2.1.2b,1892017,,T/C,,CAT/CAC,H/H,Rv1665,pks11,,syn,1891226,1892287,+,-,,Shiti,
2.2.1.2.1,1477522,,C/A,37,CGC/CTC,R/L,Rv1316c,ogt,,non-syn,1477134,1477631,-,Asia ancestral 3, Bmyc25, Beijing_g4,,Shiti,
2.2.1.2.2,1477596,,C/T,12,GGG/GGA,G/G,Rv1316c,ogt,,syn,1477134,1477631,-,modern_Beijing,,Shiti,
2.2.1.2.2,1286766,,G/C,58,GGA/CGA,G/R,Rv1160,mutT2,,non-syn,1286595,1287020,+,modern_Beijing,,Shiti,
2.2.1.2.2.1,782634,,A/G,,GCA/GCG,A/A,Rv0684,fusA1,,syn,782485,784590,+,Asian African 1, Beijing_g5,,Shiti,
2.2.1.2.2.2,1059643,,G/A,,GGC/GGA,G/G,Rv0949,uvrD1,,syn,1058260,1060575,+,Asian African 3, Beijing_g6,,Shiti,
2.2.1.2.2.3,1347325,,T/C,32,CAC/CGC,H/R,Rv1720c,vapC12,,non-syn,1947030,1947419,-,Centr-Asia-Eur/Russia , Beijing_g7/8,,Shiti,
2.2.1.2.2.3.1,4086,,G/T,,GGG/GGT,G/G,Rv0003,recF,,syn,3280,4437,+,Eur/Russia B0/W148 outbreak, Bmyc12, Beijing_g7,,Shiti,
2.2.1.2.2.3.2,1364706,,G/A,,CTG/CTA,L/L,Rv1221,sigE,,syn,1364413,1365186,+,Central-Asia, Beijing_g8,,Shiti,
2.2.1.2.2.3.2.1,35978,,G/A,562,GCC/ACC,A/T,Rv0032,BioF2,,non-syn,34295,36610,+,Central-Asia_CladeA,,Shiti,
2.2.1.2.2.3.2.2,3857226,,G/T,106,GAC/TAC,D/Y,Rv3437,,,non-syn,3856911,3857387,+,Central-Asia-Outbreak,,Shiti,
2.2.1.2.2.4,2376135,,A/G,,TCT/TCC,S/S,Rv2115c,mpa,,syn,2374461,2376290,-,Asian African 2, Beijing_g9/10,,Shiti,
2.2.1.2.2.4.1,3836274,618,G/A,206,TTC/TTT,F/F,Rv3417c,groEL1,,syn,3835272,3836891,-,Asian African 2_RD142, Beijing_g10,,Shiti,
2.2.1.2.2.5,4248115,1602,C/T,534,GAC/GAT,D/D,Rv3795,embB,,syn,4246514,4249810,+,Pacific_RD150, Beijing_g11,,Shiti,
1,43945,384,A/G,128,gtA/gtG,Val/Val,Rv0041,leuS,,synonymous_variant,,,,,essential,Pali,
1.1,2989683,393,C/T,131,gcC/gcT,Ala/Ala,Rv2673,aftC,,synonymous_variant,,,,,essential,Pali,
1.1.1,529363,756,C/T,252,gtC/gtT,Val/Val,Rv0440,groEL2,,synonymous_variant,,,,,essential,Pali,
1.1.1.1,1750465,2772,T/C,924,ctT/ctC,Leu/Leu,Rv1547,dnaE1,,synonymous_variant,,,,,essential,Pali,
1.1.1.2,1329881,492,G/A,164,ccG/ccA,Pro/Pro,Rv1187,rocA,,synonymous_variant,,,,,essential,Pali,
1.1.1.3,1329881,492,G/A,164,ccG/ccA,Pro/Pro,Rv1187,rocA,,synonymous_variant,,,,,essential,Pali,
1.1.1.4,17212,259,A/G,87,Ttg/Ctg,Leu/Leu,Rv0014c,pknB,,synonymous_variant,,,,,essential,Pali,
1.1.1.5,3831376,144,G/A,48,gaC/gaT,Asp/Asp,Rv3411c,guaB2,,synonymous_variant,,,,,essential,Pali,
1.1.1.6,1331291,271,C/T,91,Ctg/Ttg,Leu/Leu,Rv1188,.,,synonymous_variant,,,,,essential,Pali,
1.1.1.7,2411421,702,C/T,234,ctG/ctA,Leu/Leu,Rv2152c,murC,,synonymous_variant,,,,,essential,Pali,
1.1.1.8,903198,1088,T/G,363,cTc/cGc,Leu/Arg,Rv0808,purF,,missense_variant,,,,,essential,Pali,
1.1.1.9,3477663,15,G/A,5,acG/acA,Thr/Thr,Rv3109,moaA1,,synonymous_variant,,,,,essential,Pali,
1.1.2,20544,1097,G/C,366,aCc/aGc,Thr/Ser,Rv0017c,rodA,,missense_variant,,,,,nonessential,Pali,
1.1.2.1,518948,216,C/T,72,gcC/gcT,Ala/Ala,Rv0430,.,,synonymous_variant,,,,,essential,Pali,
1.1.2.2,4157259,279,G/A,93,gtG/gtA,Val/Val,Rv3712,.,,synonymous_variant,,,,,essential,Pali,
1.1.3,286580,272,A/T,91,cTg/cAg,Leu/Gln,Rv0236c,aftD,,missense_variant,,,,,essential,Pali,
1.1.3.1,403481,2361,C/T,787,cgG/cgA,Arg/Arg,Rv0338c,.,,synonymous_variant,,,,,essential,Pali,
1.1.3.2,404501,1341,G/A,447,aaC/aaT,Asn/Asn,Rv0338c,.,,synonymous_variant,,,,,essential,Pali,
1.1.3.3,1328490,816,G/A,272,gcC/gcT,Ala/Ala,Rv1186c,.,,synonymous_variant,,,,,essential,Pali,
1.2.1,16526,945,C/T,315,caG/caA,Gln/Gln,Rv0014c,pknB,,synonymous_variant,,,,,essential,Pali,
1.2.1.1,405404,438,C/T,146,cgG/cgA,Arg/Arg,Rv0338c,.,,synonymous_variant,,,,,essential,Pali,
1.2.1.2,1259841,1506,C/T,502,gaG/gaA,Glu/Glu,Rv1133c,metE,,synonymous_variant,,,,,essential,Pali,
1.2.1.3,2416251,144,G/A,48,gcC/gcT,Ala/Ala,Rv2155c,murD,,synonymous_variant,,,,,essential,Pali,
1.2.2,617729,237,G/A,79,ggG/ggA,Gly/Gly,Rv0527,ccdA,,synonymous_variant,,,,,essential,Pali,
1,615938,1104,G/A,368,GAG/GAA,E/E,Rv0524,hemL,,,,,,,,Coll,
1.1,4404247,1056,G/A,352,CTG/CTA,L/L,Rv3915,-,,,,,,,,Coll,
1.1.1,3021283,711,G/A,237,CGG/CGA,R/R,Rv2707,-,,,,,,,,Coll,
1.1.1.1,3216553,339,G/A,113,GTC/GTT,V/V,Rv2907c,rimM,,,,,,,,Coll,
1.1.2,2622402,51,G/A,17,GCC/GCT,A/A,Rv2343c,dnaG,,,,,,,,Coll,
1.1.3,1491275,1038,G/A,346,CAC/CAT,H/H,Rv1326c,glgB,,,,,,,,Coll,
1.2.1,3479545,375,C/A,125,GCC/GCA,A/A,Rv3111,moaC1,,,,,,,,Coll,
1.2.2,3470377,303,C/T,101,CAG/CAA,Q/Q,Rv3101c,ftsX,,,,,,,,Coll,
2,497491,810,G/A,270,GAC/GAT,D/D,Rv0411c,glnH,,,,,,,,Coll,
2.1,1881090,5787,C/T,1929,GGC/GGT,G/G,Rv1661,pks7,,,,,,,,Coll,
2.2,2505085,615,G/A,205,GCC/GCT,A/A,Rv2231c,cobC,,,,,,,,Coll,
2.2.1,797736,804,C/T,268,CTC/CTT,L/L,Rv0697,-,,,,,,,,Coll,
2.2.1.1,4248115,1602,C/T,534,GAC/GAT,D/D,Rv3795,embB,,,,,,,,Coll,
2.2.1.2,3836274,618,G/A,206,TTC/TTT,F/F,Rv3417c,groEL1,,,,,,,,Coll,
2.2.2,346693,1059,G/T,353,TCG/TCT,S/S,Rv0284,eccC3,,,,,,,,Coll,
3,3273107,894,C/A,298,GCC/GCA,A/A,Rv2936,drrA,,,,,,,,Coll,
3.1.1,1084911,840,G/A,280,TAC/TAT,Y/Y,Rv0973c,accA2,,,,,,,,Coll,
3.1.2,3722702,930,G/C,310,CTC/CTG,L/L,Rv3336c,trpS,,,,,,,,Coll,
3.1.2.1,1237818,375,C/G,125,CTG/CTC,L/L,Rv1111c,-,,,,,,,,Coll,
3.1.2.2,2874344,2142,G/A,714,CGC/CGT,R/R,Rv2555c,alaS,,,,,,,,Coll,
4,931123,171,T/C,57,TAT/TAC,Y/Y,Rv0835,lpqQ,,,,,,,,Coll,
4.1,62657,2262,G/A,754,CCG/CCA,P/P,Rv0058,dnaB,,,,,,,,Coll,
4.1.1,514245,1077,C/T,359,GTG/GTA,V/V,Rv0425c,ctpH,,,,,,,,Coll,
4.1.1.1,1850119,1917,C/T,639,ACG/ACA,T/T,Rv1640c,lysX,,,,,,,,Coll,
4.1.1.2,541048,444,T/G,148,TCA/TCC,S/S,Rv0450c,mmpL4,,,,,,,,Coll,
4.1.1.3,4229087,741,C/T,247,AAC/AAT,N/N,Rv3782,glfT1,,,,,,,,Coll,
4.1.2,891756,514,A/G,172,TTG/CTG,L/L,Rv0798c,cfp29,,,,,,,,Coll,
4.1.2.1,107794,195,C/T,65,GCC/GCT,A/A,Rv0098,fcoT,,,,,,,,Coll,
4.2,2411730,393,G/C,131,TCC/TCG,S/S,Rv2152c,murC,,,,,,,,Coll,
4.2.1,783601,1117,A/C,373,AGG/CGG,R/R,Rv0684,fusA1,,,,,,,,Coll,
4.2.2,1487796,636,C/A,212,ATC/ATA,I/I,Rv1324,-,,,,,,,,Coll,
4.2.2.1,1455780,286,T/C,96,TTG/CTG,L/L,Rv1299,prfA,,,,,,,,Coll,
4.3,764995,1626,C/G,542,GCC/GCG,A/A,Rv0668,rpoC,,,,,,,,Coll,
4.3.1,615614,780,C/A,260,GCC/GCA,A/A,Rv0524,hemL,,,,,,,,Coll,
4.3.2,4316114,483,G/A,161,GCC/GCT,A/A,Rv3843c,-,,,,,,,,Coll,
4.3.2.1,3388166,705,C/G,235,ACG/ACC,T/T,Rv3029c,fixA,,,,,,,,Coll,
4.3.3,403364,2478,G/A,826,CCC/CCT,P/P,Rv0338c,-,,,,,,,,Coll,
4.3.4,3977226,165,G/A,55,TTG/TTA,L/L,Rv3538,-,,,,,,,,Coll,
4.3.4.1,4398141,1545,G/A,515,TCG/TCA,S/S,Rv3910,-,,,,,,,,Coll,
4.3.4.2,1132368,744,C/T,248,ACC/ACT,T/T,Rv1013,pks16,,,,,,,,Coll,
4.3.4.2.1,1502120,522,C/A,174,ACC/ACA,T/T,Rv1333,-,,,,,,,,Coll,
4.4,4307886,1029,G/A,343,CGC/CGT,R/R,Rv3834c,serS,,,,,,,,Coll,
4.4.1,4151558,660,G/A,220,GGC/GGT,G/G,Rv3708c,asd,,,,,,,,Coll,
4.4.1.1,355181,684,G/A,228,AAG/AAA,K/K,Rv0291,mycP3,,,,,,,,Coll,
4.4.1.2,2694560,405,G/C,135,CTC/CTG,L/L,Rv2397c,cysA1,,,,,,,,Coll,
4.4.2,4246508,3276,G/A,1092,GCG/GCA,A/A,Rv3794,embA,,,,,,,,Coll,
4.5,1719757,1032,G/T,344,CCG/CCT,P/P,Rv1524,-,,,,,,,,Coll,
4.6,3466426,666,G/A,222,GTC/GTT,V/V,Rv3097c,lipY,,,,,,,,Coll,
4.6.1,4260268,879,G/C,293,GCC/GCG,A/A,Rv3800c,pks13,,,,,,,,Coll,
4.6.1.1,874787,555,G/A,185,CCG/CCA,P/P,Rv0781,ptrBa,,,,,,,,Coll,
4.6.1.2,1501468,543,G/C,181,CCG/CCC,P/P,Rv1332,-,,,,,,,,Coll,
4.6.2,4125058,642,G/C,214,CGG/CGC,R/R,Rv3683,-,,,,,,,,Coll,
4.6.2.1,3570528,684,C/G,228,CGG/CGC,R/R,Rv3198c,uvrD2,,,,,,,,Coll,
4.6.2.2,2875883,603,C/T,201,CTG/CTA,L/L,Rv2555c,alaS,,,,,,,,Coll,
4.7,4249732,3219,C/G,1073,GCC/GCG,A/A,Rv3795,embB,,,,,,,,Coll,
4.8,3836739,153,G/A,51,GAC/GAT,D/D,Rv3417c,groEL1,,,,,,,,Coll,
4.9,1759252,1572,G/T,524,TCG/TCT,S/S,Rv1552,frdA,,,,,,,,Coll,
5,1799921,339,C/A,113,GGC/GGA,G/G,Rv1599,hisD,,,,,,,,Coll,
6,1816587,399,C/G,133,GTC/GTG,V/V,Rv1617,pykA,,,,,,,,Coll,
7,1137518,543,G/A,181,AAC/AAT,N/N,Rv1018c,glmU,,,,,,,,Coll,
BOV,2831482,1110,A/G,370,GGT/GGC,G/G,Rv2515c,-,,,,,,,,Coll,
BOV_AFRI,1882180,477,C/T,159,GCC/GCT,A/A,Rv1662,pks8,,,,,,,,Coll,
